ONTOLOGY,DL,AXIOMS,CLASSES,INDIVIDUALS,PROPERTIESamino-acid,ALCF(D),477,46,0,5amphibian-gross-anatomy,ALE,2673,1601,0,10anatomical-entity-ontology,S,357,238,0,2basic-formal-ontology,ALC,95,39,0,0basic-vertebrate-anatomy,SHIF,386,99,0,74bioassay-ontology,SROIQ(D),1715,1277,42,82biological-imaging-methods,S,548,517,0,1biomedical-resource-ontology,ALUF(D),1252,483,530,12biopax,SHIN(D),399,70,0,55bleeding-history-phenotype,ALCIF(D),1925,544,0,33